date,weather_code,precipitation_sum_inch,temperature_2m_max_f,rain_sum_inch,temperature_2m_min_f,temperature_2m_mean_f,precipitation_probability_mean
2022-04-18,63.00,0.21,85.77,0.21,70.56,76.45,
2022-04-19,63.00,0.27,86.13,0.27,71.28,76.81,
2022-04-20,61.00,0.32,83.07,0.32,72.18,75.57,
2022-04-21,53.00,0.11,82.44,0.11,72.18,76.17,
2022-04-22,55.00,0.09,80.82,0.09,71.64,75.93,
2022-04-23,55.00,0.07,80.28,0.07,71.55,75.79,
2022-04-24,51.00,0.02,81.27,0.02,72.00,76.22,
2022-04-25,51.00,0.02,81.54,0.02,71.64,76.20,
2022-04-26,51.00,0.01,80.64,0.01,70.83,75.75,
2022-04-27,51.00,0.02,80.82,0.02,71.64,75.47,
2022-04-28,3.00,0.00,82.17,0.00,69.12,75.46,
2022-04-29,3.00,0.00,82.53,0.00,69.57,76.81,
2022-04-30,65.00,1.22,80.10,1.22,73.26,76.13,
2022-05-01,63.00,0.97,79.38,0.97,71.10,75.33,
2022-05-02,51.00,0.05,82.53,0.05,73.98,77.27,
2022-05-03,51.00,0.03,85.77,0.03,74.25,78.36,
2022-05-04,51.00,0.03,83.16,0.03,73.35,77.43,
2022-05-05,53.00,0.05,83.79,0.05,73.17,77.76,
2022-05-06,61.00,0.17,83.97,0.17,72.81,77.17,
2022-05-07,53.00,0.10,83.52,0.10,71.64,76.70,
2022-05-08,53.00,0.09,83.61,0.09,69.66,76.65,
2022-05-09,55.00,0.19,85.41,0.19,72.90,78.39,
2022-05-10,53.00,0.09,85.86,0.09,70.38,77.73,
2022-05-11,63.00,0.26,87.12,0.26,73.26,78.67,
2022-05-12,53.00,0.04,86.67,0.04,74.61,79.68,
2022-05-13,53.00,0.07,86.04,0.07,73.98,78.94,
2022-05-14,55.00,0.07,86.04,0.07,73.98,78.73,
2022-05-15,51.00,0.03,85.59,0.03,72.90,78.54,
2022-05-16,53.00,0.11,83.97,0.11,72.99,78.15,
2022-05-17,53.00,0.12,86.76,0.12,73.98,79.33,
2022-05-18,51.00,0.02,85.59,0.02,75.33,80.01,
2022-05-19,51.00,0.02,86.40,0.02,74.07,80.24,
2022-05-20,3.00,0.00,87.93,0.00,73.98,80.28,
2022-05-21,51.00,0.03,86.58,0.03,76.41,80.58,
2022-05-22,63.00,0.38,85.41,0.38,75.42,79.65,
2022-05-23,53.00,0.09,84.33,0.09,73.98,78.60,
2022-05-24,63.00,0.41,83.25,0.41,73.44,77.91,
2022-05-25,63.00,0.33,83.97,0.33,72.18,77.80,
2022-05-26,63.00,0.21,85.50,0.21,72.36,77.65,
2022-05-27,63.00,0.24,84.87,0.24,73.44,78.08,
2022-05-28,53.00,0.10,85.05,0.10,74.34,78.96,
2022-05-29,53.00,0.09,85.50,0.09,75.24,79.92,
2022-05-30,53.00,0.09,85.32,0.09,75.60,80.02,
2022-05-31,53.00,0.08,85.59,0.08,75.24,79.74,
2022-06-01,53.00,0.10,85.77,0.10,73.80,79.38,
2022-06-02,51.00,0.05,85.68,0.05,73.80,79.43,
2022-06-03,53.00,0.10,86.58,0.10,72.63,79.20,
2022-06-04,51.00,0.01,86.76,0.01,74.61,79.96,
2022-06-05,55.00,0.10,89.28,0.10,73.62,80.69,
2022-06-06,63.00,0.15,89.01,0.15,72.72,80.39,
2022-06-07,53.00,0.07,88.56,0.07,75.15,81.35,
2022-06-08,61.00,0.13,86.04,0.13,75.15,80.23,
2022-06-09,53.00,0.04,85.32,0.04,74.88,79.88,
2022-06-10,55.00,0.07,86.58,0.07,75.33,80.53,
2022-06-11,61.00,0.20,85.95,0.20,75.42,80.37,
2022-06-12,3.00,0.00,88.20,0.00,75.78,81.57,
2022-06-13,51.00,0.02,85.86,0.02,76.05,80.75,
2022-06-14,55.00,0.15,84.51,0.15,76.05,79.85,
2022-06-15,63.00,0.26,85.05,0.26,74.79,79.48,
2022-06-16,61.00,0.11,85.14,0.11,73.89,78.42,
2022-06-17,51.00,0.02,87.03,0.02,72.81,80.26,
2022-06-18,51.00,0.01,87.57,0.01,71.46,80.61,
2022-06-19,3.00,0.00,88.38,0.00,74.07,80.63,
2022-06-20,53.00,0.09,86.40,0.09,76.50,81.00,
2022-06-21,55.00,0.13,86.22,0.13,74.88,79.98,
2022-06-22,55.00,0.11,85.86,0.11,73.53,79.18,
2022-06-23,61.00,0.15,86.85,0.15,71.82,78.88,
2022-06-24,61.00,0.19,86.22,0.19,72.99,79.65,
2022-06-25,63.00,0.28,87.03,0.28,74.25,78.90,
2022-06-26,63.00,0.25,86.22,0.25,73.62,78.81,
2022-06-27,55.00,0.06,89.64,0.06,75.15,80.98,
2022-06-28,61.00,0.17,86.49,0.17,76.14,80.98,
2022-06-29,53.00,0.10,87.30,0.10,77.31,81.41,
2022-06-30,53.00,0.08,86.22,0.08,75.69,81.01,
2022-07-01,1.00,0.00,86.31,0.00,76.59,81.42,
2022-07-02,63.00,0.24,86.58,0.24,77.85,80.49,
2022-07-03,63.00,0.28,88.38,0.28,76.77,80.67,
2022-07-04,55.00,0.13,86.13,0.13,76.41,80.71,
2022-07-05,51.00,0.04,84.60,0.04,74.97,79.54,
2022-07-06,63.00,0.46,85.95,0.46,73.35,78.55,
2022-07-07,53.00,0.05,86.76,0.05,73.17,79.31,
2022-07-08,63.00,0.29,85.95,0.29,76.05,79.84,
2022-07-09,63.00,0.24,86.22,0.24,76.59,80.23,
2022-07-10,63.00,0.37,85.86,0.37,76.50,78.99,
2022-07-11,51.00,0.10,85.77,0.10,75.33,80.43,
2022-07-12,1.00,0.00,86.22,0.00,76.41,81.15,
2022-07-13,53.00,0.06,82.98,0.06,76.23,79.29,
2022-07-14,53.00,0.05,85.77,0.05,75.42,79.73,
2022-07-15,61.00,0.22,85.77,0.22,74.97,79.61,
2022-07-16,63.00,0.12,88.02,0.12,75.87,81.05,
2022-07-17,51.00,0.00,86.31,0.00,77.76,81.91,
2022-07-18,55.00,0.11,86.13,0.11,74.88,79.76,
2022-07-19,61.00,0.13,84.87,0.13,75.69,79.73,
2022-07-20,61.00,0.29,87.84,0.29,75.78,80.71,
2022-07-21,63.00,0.24,84.87,0.24,76.95,79.82,
2022-07-22,61.00,0.12,88.11,0.12,76.86,81.80,
2022-07-23,51.00,0.01,85.41,0.01,74.70,80.42,
2022-07-24,55.00,0.11,85.86,0.11,75.60,80.01,
2022-07-25,53.00,0.06,87.48,0.06,75.87,81.25,
2022-07-26,51.00,0.03,87.12,0.03,77.58,81.66,
2022-07-27,53.00,0.07,86.76,0.07,75.33,79.79,
2022-07-28,53.00,0.06,86.04,0.06,74.88,80.00,
2022-07-29,2.00,0.00,85.86,0.00,76.14,80.75,
2022-07-30,53.00,0.06,87.12,0.06,77.49,82.07,
2022-07-31,51.00,0.01,88.02,0.01,79.02,83.01,
2022-08-01,51.00,0.02,87.93,0.02,79.56,82.75,
2022-08-02,61.00,0.11,86.85,0.11,76.77,80.92,
2022-08-03,61.00,0.09,86.85,0.09,75.87,80.73,
2022-08-04,55.00,0.07,85.68,0.07,77.04,81.43,
2022-08-05,51.00,0.03,86.40,0.03,76.32,81.24,
2022-08-06,51.00,0.00,87.21,0.00,77.67,81.86,
2022-08-07,61.00,0.13,86.85,0.13,77.67,80.77,
2022-08-08,51.00,0.00,87.66,0.00,78.21,82.43,
2022-08-09,51.00,0.00,87.93,0.00,77.76,82.35,
2022-08-10,51.00,0.04,86.76,0.04,76.50,81.69,
2022-08-11,63.00,0.15,89.01,0.15,77.22,81.63,
2022-08-12,51.00,0.02,88.02,0.02,77.13,82.01,
2022-08-13,3.00,0.00,87.75,0.00,75.42,81.42,
2022-08-14,53.00,0.09,86.94,0.09,76.59,81.05,
2022-08-15,63.00,0.24,88.38,0.24,74.16,80.32,
2022-08-16,63.00,0.85,87.84,0.85,74.52,79.49,
2022-08-17,63.00,0.33,84.51,0.33,74.61,78.99,
2022-08-18,53.00,0.11,86.58,0.11,76.05,79.90,
2022-08-19,61.00,0.14,85.95,0.14,76.68,80.99,
2022-08-20,63.00,0.28,86.40,0.28,77.40,80.75,
2022-08-21,63.00,0.35,86.22,0.35,73.98,79.14,
2022-08-22,65.00,0.83,87.03,0.83,73.62,77.70,
2022-08-23,55.00,0.07,85.95,0.07,72.90,78.52,
2022-08-24,55.00,0.11,88.74,0.11,75.15,81.33,
2022-08-25,55.00,0.15,86.04,0.15,76.77,80.16,
2022-08-26,61.00,0.13,87.75,0.13,76.41,81.22,
2022-08-27,51.00,0.06,87.39,0.06,74.97,80.53,
2022-08-28,61.00,0.19,86.94,0.19,75.60,79.80,
2022-08-29,63.00,0.39,86.49,0.39,75.24,79.47,
2022-08-30,61.00,0.19,87.21,0.19,75.69,80.46,
2022-08-31,63.00,0.18,85.95,0.18,76.05,79.81,
2022-09-01,53.00,0.03,85.86,0.03,74.97,79.74,
2022-09-02,2.00,0.00,86.85,0.00,74.70,80.98,
2022-09-03,55.00,0.11,86.13,0.11,77.76,81.44,
2022-09-04,63.00,0.30,85.86,0.30,77.67,81.04,
2022-09-05,63.00,0.24,86.49,0.24,76.68,80.93,
2022-09-06,51.00,0.02,87.03,0.02,75.15,81.50,
2022-09-07,53.00,0.04,89.01,0.04,75.42,81.47,
2022-09-08,51.00,0.02,88.74,0.02,77.04,82.19,
2022-09-09,65.00,0.38,88.56,0.38,74.43,80.67,
2022-09-10,53.00,0.07,87.30,0.07,76.05,81.13,
2022-09-11,61.00,0.12,86.58,0.12,76.77,81.59,
2022-09-12,61.00,0.14,86.76,0.14,75.60,80.71,
2022-09-13,53.00,0.09,89.28,0.09,75.42,81.36,
2022-09-14,53.00,0.03,88.83,0.03,77.31,82.36,
2022-09-15,51.00,0.01,88.47,0.01,77.76,82.42,
2022-09-16,53.00,0.07,86.85,0.07,78.03,81.70,
2022-09-17,51.00,0.11,87.03,0.11,76.41,81.28,
2022-09-18,65.00,4.68,78.93,4.68,74.70,76.79,
2022-09-19,63.00,1.57,79.56,1.57,74.25,76.66,
2022-09-20,53.00,0.11,87.21,0.11,74.43,80.13,
2022-09-21,3.00,0.00,88.65,0.00,76.68,81.70,
2022-09-22,63.00,0.18,87.30,0.18,74.07,79.21,
2022-09-23,65.00,0.84,88.83,0.84,74.52,79.82,
2022-09-24,63.00,0.39,86.22,0.39,75.42,79.12,
2022-09-25,63.00,0.24,85.50,0.24,76.05,79.60,
2022-09-26,55.00,0.15,86.31,0.15,76.68,79.90,
2022-09-27,53.00,0.06,85.59,0.06,76.14,79.05,
2022-09-28,55.00,0.13,85.59,0.13,75.06,78.91,
2022-09-29,53.00,0.08,82.98,0.08,72.63,76.52,
2022-09-30,61.00,0.15,83.97,0.15,72.00,76.49,
2022-10-01,61.00,0.15,84.96,0.15,72.45,77.94,
2022-10-02,63.00,0.37,86.67,0.37,73.44,78.85,
2022-10-03,63.00,0.15,86.58,0.15,73.08,78.94,
2022-10-04,63.00,0.23,86.22,0.23,75.96,80.08,
2022-10-05,63.00,0.33,86.76,0.33,75.33,79.36,
2022-10-06,51.00,0.01,85.50,0.01,76.50,80.69,
2022-10-07,53.00,0.09,84.87,0.09,76.32,79.62,
2022-10-08,53.00,0.07,84.78,0.07,75.96,79.50,
2022-10-09,61.00,0.17,84.96,0.17,75.33,78.61,
2022-10-10,63.00,0.24,85.41,0.24,73.62,78.75,
2022-10-11,63.00,0.18,85.41,0.18,75.69,79.87,
2022-10-12,61.00,0.14,83.97,0.14,75.69,78.91,
2022-10-13,63.00,0.15,85.41,0.15,75.33,78.63,
2022-10-14,53.00,0.06,86.22,0.06,72.99,78.90,
2022-10-15,63.00,0.24,85.50,0.24,74.88,78.52,
2022-10-16,63.00,0.24,85.32,0.24,74.34,78.56,
2022-10-17,61.00,0.31,85.41,0.31,73.17,77.77,
2022-10-18,61.00,0.08,86.67,0.08,72.36,78.58,
2022-10-19,55.00,0.06,86.94,0.06,74.88,79.41,
2022-10-20,53.00,0.04,85.95,0.04,75.24,79.03,
2022-10-21,51.00,0.03,85.59,0.03,75.15,79.66,
2022-10-22,53.00,0.06,85.32,0.06,74.70,79.07,
2022-10-23,53.00,0.03,85.68,0.03,73.62,79.00,
2022-10-24,51.00,0.04,86.67,0.04,74.25,79.38,
2022-10-25,65.00,0.74,86.67,0.74,73.35,78.34,
2022-10-26,61.00,0.72,82.17,0.72,73.35,76.59,
2022-10-27,63.00,1.04,77.49,1.04,72.72,75.55,
2022-10-28,53.00,0.02,83.88,0.02,74.43,78.57,
2022-10-29,63.00,0.17,84.51,0.17,77.13,79.38,
2022-10-30,63.00,0.70,83.70,0.70,75.78,78.43,
2022-10-31,63.00,0.25,86.22,0.25,75.24,78.49,
2022-11-01,51.00,0.04,84.96,0.04,75.24,79.28,
2022-11-02,55.00,0.04,84.42,0.04,75.78,79.15,
2022-11-03,63.00,0.18,84.33,0.18,74.61,78.43,
2022-11-04,65.00,0.75,82.35,0.75,72.18,76.14,
2022-11-05,63.00,1.42,76.59,1.42,71.64,74.04,
2022-11-06,51.00,0.02,83.16,0.02,72.27,77.53,
2022-11-07,53.00,0.07,82.35,0.07,72.99,77.42,
2022-11-08,61.00,0.24,84.33,0.24,74.16,77.95,
2022-11-09,51.00,0.06,84.87,0.06,73.80,78.36,
2022-11-10,63.00,0.20,84.51,0.20,73.53,77.86,
2022-11-11,53.00,0.07,84.24,0.07,73.98,78.55,
2022-11-12,55.00,0.06,84.15,0.06,75.33,78.57,
2022-11-13,51.00,0.03,83.52,0.03,74.52,78.52,
2022-11-14,63.00,0.28,84.42,0.28,73.44,77.61,
2022-11-15,61.00,0.14,83.43,0.14,73.89,78.33,
2022-11-16,51.00,0.00,84.15,0.00,75.24,78.83,
2022-11-17,61.00,0.18,83.43,0.18,74.43,77.97,
2022-11-18,51.00,0.03,82.26,0.03,74.97,78.29,
2022-11-19,51.00,0.00,83.07,0.00,74.61,78.43,
2022-11-20,51.00,0.01,83.61,0.01,73.89,78.52,
2022-11-21,51.00,0.05,83.52,0.05,75.06,78.54,
2022-11-22,1.00,0.00,84.15,0.00,75.78,78.97,
2022-11-23,55.00,0.08,84.96,0.08,75.06,79.02,
2022-11-24,51.00,0.02,83.88,0.02,75.15,78.82,
2022-11-25,55.00,0.07,84.06,0.07,74.52,78.01,
2022-11-26,51.00,0.01,85.05,0.01,73.80,78.24,
2022-11-27,3.00,0.00,82.89,0.00,72.36,77.67,
2022-11-28,51.00,0.04,83.16,0.04,73.44,77.85,
2022-11-29,53.00,0.06,82.26,0.06,73.53,77.47,
2022-11-30,51.00,0.01,81.99,0.01,72.36,77.14,
2022-12-01,51.00,0.01,81.81,0.01,73.17,77.76,
2022-12-02,53.00,0.06,79.11,0.06,74.88,76.69,
2022-12-03,51.00,0.00,82.08,0.00,72.63,76.89,
2022-12-04,51.00,0.02,80.55,0.02,70.56,76.62,
2022-12-05,51.00,0.11,80.73,0.11,73.98,77.22,
2022-12-06,51.00,0.07,80.91,0.07,73.44,76.59,
2022-12-07,51.00,0.06,80.10,0.06,71.73,76.05,
2022-12-08,51.00,0.01,80.73,0.01,73.35,76.74,
2022-12-09,51.00,0.04,80.73,0.04,70.56,75.55,
2022-12-10,51.00,0.01,80.01,0.01,71.01,75.22,
2022-12-11,53.00,0.08,80.55,0.08,72.18,76.04,
2022-12-12,3.00,0.00,80.46,0.00,68.22,74.73,
2022-12-13,3.00,0.00,80.64,0.00,65.97,72.85,
2022-12-14,2.00,0.00,81.27,0.00,68.85,74.57,
2022-12-15,2.00,0.00,82.62,0.00,71.28,76.31,
2022-12-16,53.00,0.12,81.54,0.12,71.73,76.02,
2022-12-17,53.00,0.07,80.64,0.07,71.10,75.14,
2022-12-18,51.00,0.03,83.88,0.03,71.19,76.29,
2022-12-19,51.00,0.01,83.43,0.01,71.37,76.33,
2022-12-20,53.00,0.06,81.63,0.06,71.46,76.03,
2022-12-21,51.00,0.06,82.44,0.06,71.55,75.77,
2022-12-22,53.00,0.05,84.42,0.05,68.67,75.19,
2022-12-23,51.00,0.02,85.50,0.02,70.92,76.46,
2022-12-24,51.00,0.04,82.08,0.04,71.55,76.05,
2022-12-25,1.00,0.00,83.25,0.00,72.09,76.63,
2022-12-26,51.00,0.01,82.53,0.01,72.18,77.02,
2022-12-27,53.00,0.06,83.97,0.06,72.18,77.49,
2022-12-28,51.00,0.03,82.44,0.03,71.73,76.09,
2022-12-29,51.00,0.02,82.98,0.02,72.81,76.52,
2022-12-30,51.00,0.03,81.81,0.03,72.72,76.77,
2022-12-31,1.00,0.00,82.44,0.00,72.27,76.84,
2023-01-01,55.00,0.17,81.27,0.17,71.28,74.70,
2023-01-02,55.00,0.06,81.54,0.06,71.82,75.67,
2023-01-03,53.00,0.05,80.28,0.05,70.20,75.53,
2023-01-04,53.00,0.04,79.74,0.04,69.21,74.59,
2023-01-05,61.00,0.15,81.45,0.15,71.82,76.08,
2023-01-06,51.00,0.02,82.26,0.02,71.28,76.61,
2023-01-07,53.00,0.03,81.18,0.03,72.18,75.40,
2023-01-08,63.00,0.15,81.90,0.15,69.66,74.46,
2023-01-09,51.00,0.04,82.80,0.04,72.27,75.78,
2023-01-10,53.00,0.10,82.89,0.10,68.49,74.46,
2023-01-11,55.00,0.08,81.72,0.08,67.32,74.40,
2023-01-12,61.00,0.18,80.82,0.18,69.48,74.56,
2023-01-13,61.00,0.11,83.43,0.11,70.83,75.05,
2023-01-14,53.00,0.07,81.99,0.07,67.41,74.34,
2023-01-15,63.00,0.37,79.20,0.37,70.74,73.96,
2023-01-16,3.00,0.00,77.22,0.00,72.81,74.56,
2023-01-17,3.00,0.00,80.19,0.00,71.55,75.07,
2023-01-18,0.00,0.00,79.65,0.00,67.50,73.63,
2023-01-19,53.00,0.07,79.83,0.07,67.59,73.74,
2023-01-20,51.00,0.03,83.88,0.03,70.02,75.31,
2023-01-21,51.00,0.00,82.53,0.00,70.02,75.22,
2023-01-22,51.00,0.02,83.34,0.02,70.56,75.90,
2023-01-23,2.00,0.00,85.59,0.00,71.19,76.72,
2023-01-24,3.00,0.00,82.35,0.00,71.01,76.19,
2023-01-25,51.00,0.02,81.63,0.02,70.29,75.76,
2023-01-26,1.00,0.00,82.62,0.00,71.28,76.18,
2023-01-27,51.00,0.05,79.65,0.05,69.93,74.44,
2023-01-28,51.00,0.06,78.93,0.06,71.37,75.02,
2023-01-29,51.00,0.06,80.91,0.06,70.47,74.58,
2023-01-30,51.00,0.06,80.91,0.06,71.19,75.79,
2023-01-31,3.00,0.00,81.18,0.00,74.70,77.19,
2023-02-01,53.00,0.05,80.82,0.05,73.62,76.13,
2023-02-02,51.00,0.03,82.44,0.03,70.83,76.22,
2023-02-03,51.00,0.01,84.78,0.01,71.10,76.37,
2023-02-04,61.00,0.17,82.08,0.17,69.66,74.99,
2023-02-05,51.00,0.01,82.98,0.01,71.91,76.25,
2023-02-06,61.00,0.11,83.97,0.11,70.83,75.88,
2023-02-07,53.00,0.06,81.99,0.06,70.74,75.46,
2023-02-08,53.00,0.04,80.19,0.04,71.28,75.62,
2023-02-09,51.00,0.02,81.63,0.02,71.10,76.01,
2023-02-10,51.00,0.01,83.07,0.01,71.28,76.14,
2023-02-11,51.00,0.06,82.17,0.06,71.28,76.27,
2023-02-12,3.00,0.00,84.78,0.00,70.83,76.13,
2023-02-13,53.00,0.09,84.96,0.09,70.02,75.13,
2023-02-14,61.00,0.16,81.81,0.16,65.97,73.47,
2023-02-15,51.00,0.06,82.08,0.06,70.65,75.34,
2023-02-16,51.00,0.06,80.01,0.06,70.65,74.85,
2023-02-17,51.00,0.04,80.73,0.04,71.01,75.46,
2023-02-18,1.00,0.00,81.27,0.00,71.91,75.71,
2023-02-19,51.00,0.01,80.73,0.01,70.29,75.46,
2023-02-20,51.00,0.01,83.61,0.01,71.01,75.76,
2023-02-21,3.00,0.00,82.89,0.00,69.93,75.85,
2023-02-22,3.00,0.00,82.53,0.00,69.57,75.92,
2023-02-23,51.00,0.03,81.36,0.03,73.71,76.52,
2023-02-24,51.00,0.06,80.82,0.06,72.45,76.04,
2023-02-25,51.00,0.06,80.19,0.06,70.47,75.07,
2023-02-26,1.00,0.00,82.17,0.00,68.94,75.51,
2023-02-27,3.00,0.00,81.63,0.00,69.48,75.10,
2023-02-28,3.00,0.00,82.62,0.00,69.30,76.00,
2023-03-01,3.00,0.00,82.62,0.00,67.86,75.37,
2023-03-02,53.00,0.06,82.26,0.06,69.12,75.52,
2023-03-03,53.00,0.09,85.23,0.09,70.56,76.05,
2023-03-04,53.00,0.03,87.75,0.03,69.66,76.33,
2023-03-05,51.00,0.01,83.07,0.01,71.46,76.94,
2023-03-06,51.00,0.02,84.69,0.02,69.84,76.20,
2023-03-07,53.00,0.06,84.06,0.06,69.84,76.54,
2023-03-08,2.00,0.00,83.43,0.00,64.44,75.00,
2023-03-09,53.00,0.07,81.45,0.07,72.09,76.15,
2023-03-10,51.00,0.02,79.83,0.02,72.81,75.87,
2023-03-11,3.00,0.00,81.99,0.00,67.41,74.55,
2023-03-12,51.00,0.00,84.51,0.00,67.14,75.51,
2023-03-13,51.00,0.00,83.97,0.00,67.95,76.03,
2023-03-14,53.00,0.03,84.69,0.03,68.94,77.62,
2023-03-15,53.00,0.08,84.51,0.08,69.12,76.77,
2023-03-16,53.00,0.12,84.78,0.12,70.47,76.81,
2023-03-17,53.00,0.08,81.00,0.08,70.29,75.10,
2023-03-18,2.00,0.00,82.80,0.00,70.47,75.99,
2023-03-19,53.00,0.07,85.59,0.07,70.92,77.10,
2023-03-20,61.00,0.13,86.67,0.13,71.64,76.94,
2023-03-21,55.00,0.11,84.51,0.11,71.64,77.18,
2023-03-22,61.00,0.16,82.80,0.16,72.90,76.88,
2023-03-23,1.00,0.00,81.99,0.00,72.45,76.39,
2023-03-24,51.00,0.02,82.98,0.02,69.39,76.35,
2023-03-25,51.00,0.08,82.26,0.08,71.10,76.36,
2023-03-26,61.00,0.08,84.24,0.08,71.91,77.18,
2023-03-27,3.00,0.00,84.42,0.00,70.92,76.79,
2023-03-28,2.00,0.00,84.42,0.00,71.01,76.93,
2023-03-29,55.00,0.24,84.06,0.24,70.92,76.45,
2023-03-30,55.00,0.13,82.71,0.13,70.29,76.51,
2023-03-31,1.00,0.00,83.34,0.00,72.00,77.22,
2023-04-01,51.00,0.02,82.53,0.02,72.99,77.24,
2023-04-02,53.00,0.05,84.15,0.05,71.64,76.89,
2023-04-03,53.00,0.08,83.34,0.08,70.83,76.86,
2023-04-04,51.00,0.06,84.24,0.06,71.19,77.19,
2023-04-05,53.00,0.07,79.56,0.07,71.91,75.77,
2023-04-06,61.00,0.13,80.73,0.13,70.56,73.76,
2023-04-07,63.00,0.20,83.70,0.20,67.77,74.07,
2023-04-08,65.00,0.40,82.53,0.40,69.03,73.08,
2023-04-09,55.00,0.09,83.88,0.09,67.95,75.53,
2023-04-10,51.00,0.06,83.88,0.06,67.86,75.61,
2023-04-11,53.00,0.07,84.24,0.07,70.74,77.46,
2023-04-12,53.00,0.09,84.24,0.09,70.92,76.86,
2023-04-13,53.00,0.14,84.69,0.14,72.09,77.29,
2023-04-14,53.00,0.04,83.43,0.04,72.27,77.54,
2023-04-15,55.00,0.10,83.34,0.10,72.36,77.44,
2023-04-16,63.00,0.74,83.25,0.74,72.81,76.20,
2023-04-17,53.00,0.12,81.99,0.12,69.66,75.53,
2023-04-18,61.00,0.09,83.43,0.09,70.20,76.49,
2023-04-19,53.00,0.08,85.41,0.08,69.93,77.03,
2023-04-20,61.00,0.14,85.05,0.14,70.38,76.60,
2023-04-21,53.00,0.07,83.97,0.07,70.47,76.23,
2023-04-22,51.00,0.01,84.06,0.01,69.12,76.79,
2023-04-23,51.00,0.01,83.16,0.01,71.10,77.14,
2023-04-24,3.00,0.00,82.98,0.00,71.01,77.17,
2023-04-25,51.00,0.04,84.60,0.04,71.10,77.59,
2023-04-26,53.00,0.08,85.32,0.08,72.18,78.35,
2023-04-27,53.00,0.07,85.59,0.07,70.20,78.24,
2023-04-28,61.00,0.11,85.95,0.11,72.99,78.26,
2023-04-29,53.00,0.14,85.68,0.14,72.54,78.70,
2023-04-30,53.00,0.06,86.94,0.06,73.35,79.57,
2023-05-01,61.00,0.19,88.20,0.19,72.54,79.29,
2023-05-02,61.00,0.09,86.49,0.09,72.18,78.47,
2023-05-03,61.00,0.13,86.85,0.13,72.36,79.28,
2023-05-04,61.00,0.11,88.02,0.11,70.83,79.02,
2023-05-05,61.00,0.15,86.49,0.15,72.36,79.21,
2023-05-06,53.00,0.05,88.56,0.05,70.29,78.95,
2023-05-07,51.00,0.05,87.57,0.05,71.55,78.67,
2023-05-08,53.00,0.06,89.37,0.06,72.27,79.27,
2023-05-09,61.00,0.09,87.66,0.09,73.80,80.27,
2023-05-10,55.00,0.07,87.57,0.07,73.44,80.39,
2023-05-11,61.00,0.11,86.85,0.11,70.83,79.34,
2023-05-12,61.00,0.17,86.40,0.17,74.25,79.56,
2023-05-13,63.00,0.19,87.03,0.19,73.62,78.52,
2023-05-14,53.00,0.09,87.39,0.09,74.88,79.91,
2023-05-15,53.00,0.04,88.11,0.04,73.53,79.83,
2023-05-16,53.00,0.02,86.49,0.02,72.09,79.35,
2023-05-17,61.00,0.19,87.30,0.19,73.26,79.38,
2023-05-18,63.00,0.36,88.02,0.36,73.80,79.67,
2023-05-19,63.00,0.60,85.86,0.60,75.33,78.90,
2023-05-20,63.00,0.48,86.58,0.48,74.79,79.08,
2023-05-21,63.00,0.67,84.87,0.67,71.91,77.40,
2023-05-22,63.00,0.35,82.98,0.35,71.64,77.55,
2023-05-23,65.00,0.64,85.41,0.64,72.72,78.08,
2023-05-24,63.00,0.15,86.22,0.15,71.64,78.24,
2023-05-25,61.00,0.17,85.77,0.17,71.91,78.70,
2023-05-26,61.00,0.10,86.94,0.10,72.63,79.75,
2023-05-27,53.00,0.08,87.48,0.08,73.98,79.93,
2023-05-28,63.00,0.24,85.68,0.24,75.60,79.27,
2023-05-29,53.00,0.10,86.13,0.10,74.07,79.10,
2023-05-30,53.00,0.10,85.41,0.10,73.26,78.36,
2023-05-31,63.00,0.27,87.48,0.27,75.15,80.18,
2023-06-01,61.00,0.25,87.48,0.25,74.43,80.29,
2023-06-02,51.00,0.02,89.91,0.02,76.14,82.06,
2023-06-03,51.00,0.01,89.46,0.01,78.48,83.20,
2023-06-04,51.00,0.00,90.81,0.00,79.11,84.24,
2023-06-05,1.00,0.00,91.71,0.00,77.13,84.23,
2023-06-06,51.00,0.05,89.28,0.05,72.54,81.01,
2023-06-07,61.00,0.20,89.64,0.20,75.78,82.18,
2023-06-08,61.00,0.14,90.45,0.14,74.88,82.01,
2023-06-09,61.00,0.12,90.09,0.12,76.41,81.46,
2023-06-10,61.00,0.15,87.39,0.15,76.77,80.82,
2023-06-11,53.00,0.07,89.10,0.07,75.60,81.75,
2023-06-12,51.00,0.04,89.10,0.04,77.85,82.78,
2023-06-13,53.00,0.09,87.39,0.09,77.85,82.20,
2023-06-14,63.00,0.30,88.38,0.30,76.77,81.57,
2023-06-15,61.00,0.12,91.08,0.12,76.77,82.61,
2023-06-16,53.00,0.06,90.54,0.06,77.94,82.84,
2023-06-17,53.00,0.09,86.94,0.09,77.49,81.37,
2023-06-18,61.00,0.17,87.12,0.17,76.41,80.18,
2023-06-19,53.00,0.10,88.20,0.10,75.78,80.29,
2023-06-20,51.00,0.04,88.29,0.04,74.52,81.56,
2023-06-21,61.00,0.16,87.84,0.16,77.22,81.40,
2023-06-22,53.00,0.06,88.65,0.06,79.20,83.17,
2023-06-23,53.00,0.11,87.12,0.11,78.30,82.29,
2023-06-24,55.00,0.15,87.93,0.15,77.04,80.44,
2023-06-25,61.00,0.18,87.30,0.18,76.59,80.71,
2023-06-26,53.00,0.09,87.75,0.09,76.50,81.63,
2023-06-27,63.00,0.27,88.29,0.27,75.87,80.65,
2023-06-28,65.00,0.76,87.39,0.76,75.24,79.86,
2023-06-29,53.00,0.05,88.92,0.05,73.53,81.37,
2023-06-30,61.00,0.33,88.38,0.33,75.24,81.46,
2023-07-01,51.00,0.02,89.19,0.02,75.96,82.04,
2023-07-02,53.00,0.05,89.64,0.05,78.39,82.33,
2023-07-03,51.00,0.03,88.02,0.03,78.12,83.01,
2023-07-04,65.00,0.81,84.06,0.81,77.31,80.50,
2023-07-05,3.00,0.00,87.75,0.00,76.23,82.24,
2023-07-06,51.00,0.03,87.03,0.03,78.48,82.90,
2023-07-07,51.00,0.00,87.30,0.00,78.30,82.58,
2023-07-08,61.00,0.20,87.03,0.20,76.41,80.75,
2023-07-09,61.00,0.17,86.85,0.17,75.96,81.43,
2023-07-10,53.00,0.04,88.38,0.04,78.84,83.11,
2023-07-11,53.00,0.08,87.03,0.08,80.37,83.37,
2023-07-12,63.00,0.23,85.77,0.23,78.48,81.46,
2023-07-13,53.00,0.06,87.93,0.06,75.15,82.10,
2023-07-14,51.00,0.00,90.54,0.00,78.66,83.43,
2023-07-15,61.00,0.17,86.85,0.17,77.22,81.68,
2023-07-16,61.00,0.20,86.31,0.20,77.67,81.12,
2023-07-17,63.00,0.43,86.40,0.43,77.22,81.71,
2023-07-18,63.00,0.18,87.75,0.18,78.93,82.95,
2023-07-19,51.00,0.01,90.54,0.01,79.38,84.05,
2023-07-20,3.00,0.00,89.01,0.00,79.56,83.68,
2023-07-21,51.00,0.01,88.92,0.01,78.03,83.01,
2023-07-22,53.00,0.04,89.91,0.04,76.77,82.35,
2023-07-23,61.00,0.19,89.55,0.19,75.42,81.58,
2023-07-24,61.00,0.19,88.20,0.19,78.12,82.48,
2023-07-25,63.00,0.26,87.30,0.26,78.84,81.99,
2023-07-26,63.00,0.19,90.27,0.19,76.77,82.06,
2023-07-27,63.00,0.28,87.48,0.28,76.41,81.01,
2023-07-28,53.00,0.06,87.84,0.06,78.03,82.52,
2023-07-29,53.00,0.06,88.83,0.06,78.03,82.62,
2023-07-30,63.00,0.19,88.56,0.19,76.95,82.55,
2023-07-31,61.00,0.26,88.65,0.26,77.04,81.37,
2023-08-01,63.00,0.36,89.01,0.36,76.68,81.39,
2023-08-02,63.00,0.41,88.38,0.41,76.32,81.02,
2023-08-03,53.00,0.05,88.02,0.05,77.13,82.24,
2023-08-04,61.00,0.14,87.75,0.14,76.68,81.48,
2023-08-05,53.00,0.03,90.90,0.03,78.03,83.48,
2023-08-06,61.00,0.25,88.83,0.25,79.56,83.62,
2023-08-07,63.00,0.25,87.21,0.25,78.39,82.23,
2023-08-08,63.00,0.51,87.12,0.51,77.49,80.11,
2023-08-09,65.00,1.10,87.57,1.10,75.60,80.24,
2023-08-10,65.00,0.44,87.30,0.44,76.68,80.86,
2023-08-11,51.00,0.03,88.65,0.03,76.05,82.38,
2023-08-12,53.00,0.05,85.86,0.05,78.75,82.14,
2023-08-13,53.00,0.06,88.56,0.06,78.66,82.76,
2023-08-14,1.00,0.00,88.83,0.00,78.93,83.52,
2023-08-15,51.00,0.03,87.93,0.03,80.19,84.29,
2023-08-16,63.00,0.32,87.48,0.32,76.23,82.41,
2023-08-17,63.00,0.27,87.30,0.27,76.59,81.09,
2023-08-18,53.00,0.02,89.82,0.02,76.95,82.99,
2023-08-19,51.00,0.04,88.29,0.04,79.56,83.52,
2023-08-20,51.00,0.06,88.02,0.06,79.29,82.65,
2023-08-21,65.00,0.73,88.47,0.73,78.12,81.14,
2023-08-22,63.00,0.54,82.89,0.54,77.22,79.11,
2023-08-23,51.00,0.01,91.17,0.01,76.23,81.85,
2023-08-24,3.00,0.00,92.07,0.00,77.31,84.22,
2023-08-25,61.00,0.20,82.98,0.20,76.14,80.05,
2023-08-26,63.00,0.42,84.24,0.42,75.78,78.67,
2023-08-27,51.00,0.01,90.09,0.01,77.85,83.62,
2023-08-28,3.00,0.00,93.06,0.00,76.50,84.31,
2023-08-29,61.00,0.13,89.91,0.13,76.68,82.39,
2023-08-30,61.00,0.19,90.18,0.19,77.85,82.43,
2023-08-31,61.00,0.15,89.82,0.15,77.31,82.30,
2023-09-01,53.00,0.06,89.28,0.06,76.41,82.62,
2023-09-02,51.00,0.07,88.29,0.07,76.50,81.98,
2023-09-03,63.00,0.36,89.10,0.36,76.23,80.37,
2023-09-04,53.00,0.16,86.67,0.16,76.14,81.04,
2023-09-05,53.00,0.07,88.56,0.07,73.80,81.23,
2023-09-06,51.00,0.01,87.03,0.01,72.36,80.61,
2023-09-07,51.00,0.04,88.20,0.04,75.24,81.87,
2023-09-08,51.00,0.02,89.82,0.02,78.21,83.10,
2023-09-09,51.00,0.02,88.74,0.02,77.58,83.06,
2023-09-10,51.00,0.04,88.74,0.04,78.84,83.29,
2023-09-11,53.00,0.08,88.56,0.08,77.49,82.97,
2023-09-12,53.00,0.13,88.38,0.13,78.21,82.30,
2023-09-13,53.00,0.06,89.46,0.06,77.04,83.38,
2023-09-14,51.00,0.04,93.87,0.04,80.28,85.53,
2023-09-15,63.00,0.20,88.83,0.20,76.32,82.06,
2023-09-16,53.00,0.06,87.03,0.06,77.04,82.30,
2023-09-17,55.00,0.11,89.28,0.11,78.48,82.53,
2023-09-18,63.00,0.26,90.00,0.26,78.12,82.72,
2023-09-19,61.00,0.12,88.56,0.12,77.58,81.86,
2023-09-20,63.00,0.24,88.29,0.24,76.95,80.62,
2023-09-21,61.00,0.11,89.46,0.11,76.86,81.09,
2023-09-22,51.00,0.06,89.55,0.06,76.68,82.21,
2023-09-23,61.00,0.15,87.03,0.15,77.13,81.03,
2023-09-24,61.00,0.17,89.55,0.17,76.95,81.94,
2023-09-25,61.00,0.35,89.10,0.35,79.38,82.83,
2023-09-26,51.00,0.04,87.48,0.04,78.93,82.94,
2023-09-27,63.00,0.15,88.11,0.15,78.12,81.78,
2023-09-28,51.00,0.02,88.47,0.02,77.76,82.27,
2023-09-29,51.00,0.03,88.47,0.03,77.94,82.77,
2023-09-30,51.00,0.04,87.84,0.04,79.56,83.54,
2023-10-01,55.00,0.07,87.84,0.07,77.94,82.78,
2023-10-02,51.00,0.02,89.10,0.02,79.02,83.35,
2023-10-03,63.00,0.33,87.75,0.33,77.13,81.63,
2023-10-04,61.00,0.15,89.01,0.15,75.60,81.83,
2023-10-05,63.00,0.12,90.00,0.12,78.57,82.87,
2023-10-06,63.00,0.28,90.63,0.28,76.05,82.13,
2023-10-07,51.00,0.03,92.79,0.03,76.50,83.10,
2023-10-08,61.00,0.17,92.25,0.17,73.89,80.82,
2023-10-09,53.00,0.06,90.72,0.06,75.87,82.10,
2023-10-10,61.00,0.15,88.02,0.15,75.96,81.71,
2023-10-11,51.00,0.03,90.27,0.03,73.08,81.09,
2023-10-12,55.00,0.09,90.72,0.09,78.12,83.02,
2023-10-13,53.00,0.09,90.18,0.09,76.86,82.45,
2023-10-14,53.00,0.07,89.73,0.07,75.87,82.04,
2023-10-15,51.00,0.05,90.54,0.05,74.43,82.26,
2023-10-16,53.00,0.07,90.81,0.07,76.86,82.63,
2023-10-17,51.00,0.04,89.19,0.04,75.24,81.88,
2023-10-18,63.00,0.32,90.09,0.32,75.87,81.22,
2023-10-19,55.00,0.09,89.19,0.09,75.69,81.60,
2023-10-20,55.00,0.09,89.28,0.09,75.96,80.89,
2023-10-21,55.00,0.11,88.47,0.11,75.06,79.98,
2023-10-22,61.00,0.10,86.31,0.10,75.96,80.69,
2023-10-23,51.00,0.03,87.48,0.03,76.23,82.17,
2023-10-24,51.00,0.04,87.12,0.04,79.20,82.80,
2023-10-25,51.00,0.04,86.49,0.04,77.49,80.64,
2023-10-26,63.00,0.52,85.95,0.52,75.15,78.95,
2023-10-27,65.00,1.09,83.43,1.09,73.62,77.45,
2023-10-28,63.00,0.69,88.74,0.69,74.88,79.42,
2023-10-29,63.00,0.67,85.95,0.67,76.05,79.65,
2023-10-30,63.00,0.59,84.06,0.59,76.23,79.65,
2023-10-31,63.00,0.15,88.56,0.15,75.87,80.36,
2023-11-01,55.00,0.09,87.39,0.09,74.52,79.91,
2023-11-02,61.00,0.11,86.58,0.11,75.96,80.10,
2023-11-03,61.00,0.08,85.95,0.08,76.77,80.41,
2023-11-04,51.00,0.00,86.85,0.00,77.49,81.23,
2023-11-05,55.00,0.12,86.94,0.12,75.96,79.60,
2023-11-06,53.00,0.04,86.94,0.04,74.52,79.53,
2023-11-07,63.00,0.64,85.59,0.64,74.07,78.63,
2023-11-08,61.00,0.19,82.80,0.19,75.60,79.23,
2023-11-09,63.00,0.29,85.77,0.29,75.87,79.70,
2023-11-10,61.00,0.09,83.61,0.09,76.59,79.87,
2023-11-11,55.00,0.09,85.05,0.09,76.32,80.88,
2023-11-12,1.00,0.00,86.94,0.00,78.03,81.73,
2023-11-13,51.00,0.03,85.95,0.03,76.95,80.58,
2023-11-14,51.00,0.02,87.48,0.02,76.14,80.43,
2023-11-15,51.00,0.00,86.58,0.00,75.15,79.85,
2023-11-16,53.00,0.06,88.92,0.06,76.14,80.21,
2023-11-17,51.00,0.03,91.35,0.03,74.79,82.08,
2023-11-18,3.00,0.00,90.09,0.00,76.59,82.60,
2023-11-19,3.00,0.00,87.57,0.00,79.56,82.45,
2023-11-20,63.00,1.38,80.91,1.38,75.96,78.38,
2023-11-21,53.00,0.07,83.25,0.07,76.86,79.81,
2023-11-22,51.00,0.05,83.34,0.05,74.97,78.55,
2023-11-23,51.00,0.06,85.50,0.06,72.18,78.43,
2023-11-24,55.00,0.11,85.23,0.11,73.53,78.32,
2023-11-25,61.00,0.19,84.87,0.19,73.26,78.55,
2023-11-26,61.00,0.14,86.22,0.14,75.24,79.50,
2023-11-27,51.00,0.00,85.05,0.00,74.79,79.46,
2023-11-28,53.00,0.08,86.49,0.08,73.08,79.12,
2023-11-29,3.00,0.00,85.86,0.00,74.25,79.31,
2023-11-30,51.00,0.01,85.59,0.01,74.07,79.49,
2023-12-01,1.00,0.00,86.67,0.00,75.60,80.18,
2023-12-02,3.00,0.00,86.40,0.00,75.69,80.37,
2023-12-03,51.00,0.00,83.52,0.00,73.71,78.55,
2023-12-04,55.00,0.11,86.04,0.11,74.43,78.80,
2023-12-05,51.00,0.01,86.85,0.01,75.15,79.86,
2023-12-06,53.00,0.06,87.12,0.06,74.97,79.64,
2023-12-07,53.00,0.07,84.24,0.07,73.98,78.14,
2023-12-08,53.00,0.03,84.87,0.03,74.61,79.18,
2023-12-09,3.00,0.00,86.49,0.00,76.59,80.70,
2023-12-10,51.00,0.04,83.52,0.04,75.96,78.90,
2023-12-11,51.00,0.01,86.58,0.01,74.88,79.84,
2023-12-12,51.00,0.04,84.51,0.04,75.42,79.39,
2023-12-13,51.00,0.07,83.70,0.07,75.60,78.60,
2023-12-14,51.00,0.02,82.35,0.02,74.70,78.96,
2023-12-15,63.00,0.28,80.91,0.28,72.99,76.85,
2023-12-16,53.00,0.06,83.34,0.06,72.99,77.30,
2023-12-17,55.00,0.07,85.59,0.07,74.79,78.83,
2023-12-18,51.00,0.04,87.48,0.04,73.71,78.66,
2023-12-19,3.00,0.00,84.78,0.00,71.73,77.49,
2023-12-20,51.00,0.02,81.45,0.02,70.56,76.24,
2023-12-21,51.00,0.09,80.73,0.09,72.81,75.83,
2023-12-22,51.00,0.05,81.00,0.05,72.00,75.70,
2023-12-23,63.00,0.16,81.72,0.16,70.56,75.80,
2023-12-24,51.00,0.01,81.90,0.01,71.64,76.13,
2023-12-25,51.00,0.01,81.09,0.01,71.01,76.19,
2023-12-26,51.00,0.05,81.72,0.05,71.73,75.98,
2023-12-27,3.00,0.00,83.07,0.00,70.29,76.04,
2023-12-28,3.00,0.00,82.89,0.00,69.66,75.94,
2023-12-29,3.00,0.00,84.78,0.00,69.48,76.32,
2023-12-30,3.00,0.00,84.15,0.00,71.37,77.22,
2023-12-31,3.00,0.00,82.17,0.00,70.65,76.89,
2024-01-01,2.00,0.00,83.88,0.00,73.35,77.91,
2024-01-02,51.00,0.01,85.50,0.01,73.80,78.39,
2024-01-03,3.00,0.00,83.97,0.00,70.47,77.91,
2024-01-04,51.00,0.03,86.94,0.03,72.81,78.74,
2024-01-05,51.00,0.03,82.89,0.03,70.83,77.09,
2024-01-06,61.00,0.16,83.70,0.16,72.72,76.89,
2024-01-07,51.00,0.04,84.60,0.04,72.81,77.49,
2024-01-08,51.00,0.00,84.33,0.00,73.26,77.85,
2024-01-09,1.00,0.00,85.95,0.00,74.25,78.72,
2024-01-10,51.00,0.06,83.97,0.06,72.00,77.45,
2024-01-11,55.00,0.10,83.79,0.10,72.27,77.31,
2024-01-12,53.00,0.07,84.87,0.07,73.17,77.94,
2024-01-13,51.00,0.02,84.87,0.02,73.80,78.63,
2024-01-14,1.00,0.00,85.41,0.00,74.07,78.81,
2024-01-15,55.00,0.09,84.24,0.09,73.44,78.62,
2024-01-16,51.00,0.00,85.32,0.00,74.34,78.80,
2024-01-17,3.00,0.00,86.49,0.00,74.34,78.81,
2024-01-18,3.00,0.00,84.78,0.00,74.43,78.68,
2024-01-19,53.00,0.08,86.94,0.08,72.18,78.01,
2024-01-20,55.00,0.09,86.67,0.09,70.74,77.21,
2024-01-21,51.00,0.01,86.22,0.01,70.65,78.31,
2024-01-22,51.00,0.01,83.43,0.01,74.16,78.55,
2024-01-23,1.00,0.00,86.04,0.00,75.42,79.64,
2024-01-24,51.00,0.06,81.36,0.06,74.16,77.12,
2024-01-25,3.00,0.00,81.81,0.00,73.53,77.40,
2024-01-26,3.00,0.00,82.89,0.00,73.17,77.71,
2024-01-27,51.00,0.01,83.52,0.01,72.36,77.21,
2024-01-28,1.00,0.00,83.16,0.00,72.18,76.74,
2024-01-29,51.00,0.00,85.59,0.00,68.31,76.65,
2024-01-30,61.00,0.20,83.52,0.20,69.84,75.97,
2024-01-31,53.00,0.16,80.37,0.16,72.18,75.43,
2024-02-01,53.00,0.11,82.80,0.11,68.85,75.69,
2024-02-02,53.00,0.07,80.10,0.07,72.81,75.96,
2024-02-03,55.00,0.10,82.62,0.10,69.03,74.84,
2024-02-04,53.00,0.10,83.34,0.10,68.13,75.40,
2024-02-05,55.00,0.06,87.75,0.06,73.53,80.00,
2024-02-06,63.00,0.94,79.56,0.94,75.06,77.15,
2024-02-07,63.00,0.69,79.47,0.69,71.37,76.44,
2024-02-08,61.00,0.33,79.47,0.33,69.30,73.36,
2024-02-09,53.00,0.13,78.84,0.13,69.66,74.23,
2024-02-10,3.00,0.00,80.91,0.00,70.38,75.47,
2024-02-11,3.00,0.00,82.08,0.00,72.27,76.61,
2024-02-12,3.00,0.00,82.98,0.00,72.27,76.69,
2024-02-13,3.00,0.00,84.15,0.00,68.13,76.31,
2024-02-14,3.00,0.00,84.24,0.00,71.64,77.65,
2024-02-15,51.00,0.03,82.26,0.03,72.54,76.91,
2024-02-16,55.00,0.15,83.61,0.15,70.20,76.50,
2024-02-17,51.00,0.02,83.61,0.02,68.85,76.23,
2024-02-18,53.00,0.05,86.76,0.05,68.49,77.14,
2024-02-19,3.00,0.00,84.87,0.00,69.12,77.03,
2024-02-20,51.00,0.01,84.87,0.01,71.82,77.73,
2024-02-21,55.00,0.21,84.69,0.21,72.63,76.68,
2024-02-22,55.00,0.19,78.30,0.19,70.83,74.13,
2024-02-23,3.00,0.00,81.18,0.00,69.84,74.82,
2024-02-24,3.00,0.00,83.61,0.00,68.13,75.76,
2024-02-25,55.00,0.13,81.36,0.13,72.81,76.71,
2024-02-26,61.00,0.12,82.44,0.12,73.17,76.92,
2024-02-27,61.00,0.16,81.45,0.16,71.73,74.75,
2024-02-28,53.00,0.03,82.08,0.03,71.37,76.37,
2024-02-29,51.00,0.02,81.81,0.02,73.17,76.99,
2024-03-01,51.00,0.10,81.09,0.10,71.28,75.74,
2024-03-02,51.00,0.03,82.17,0.03,72.27,76.99,
2024-03-03,51.00,0.06,81.27,0.06,71.73,75.84,
2024-03-04,51.00,0.01,81.54,0.01,72.54,76.65,
2024-03-05,51.00,0.05,81.72,0.05,71.01,76.26,
2024-03-06,55.00,0.11,84.15,0.11,71.55,76.48,
2024-03-07,65.00,0.39,84.69,0.39,70.83,75.70,
2024-03-08,55.00,0.08,85.14,0.08,71.10,77.44,
2024-03-09,53.00,0.07,84.87,0.07,74.07,78.24,
2024-03-10,51.00,0.04,85.14,0.04,73.08,78.64,
2024-03-11,51.00,0.02,84.06,0.02,72.18,77.96,
2024-03-12,51.00,0.00,82.98,0.00,73.17,77.82,
2024-03-13,51.00,0.00,86.40,0.00,71.37,78.06,
2024-03-14,53.00,0.14,84.15,0.14,72.72,77.90,
2024-03-15,51.00,0.02,82.62,0.02,74.07,77.86,
2024-03-16,61.00,0.20,84.24,0.20,74.25,77.20,
2024-03-17,53.00,0.05,85.59,0.05,72.09,77.81,
2024-03-18,61.00,0.16,87.48,0.16,73.35,79.16,
2024-03-19,53.00,0.11,85.14,0.11,70.92,78.07,
2024-03-20,51.00,0.04,85.05,0.04,69.57,78.04,
2024-03-21,55.00,0.13,83.70,0.13,72.81,77.82,
2024-03-22,61.00,0.12,83.88,0.12,73.26,77.84,
2024-03-23,63.00,0.27,86.22,0.27,74.16,78.27,
2024-03-24,51.00,0.07,87.30,0.07,70.56,78.79,
2024-03-25,55.00,0.15,87.39,0.15,72.63,78.59,
2024-03-26,53.00,0.05,81.09,0.05,72.90,76.45,
2024-03-27,51.00,0.02,80.46,0.02,72.72,76.09,
2024-03-28,2.00,0.00,80.19,0.00,67.41,75.09,
2024-03-29,3.00,0.00,81.27,0.00,72.90,76.68,
2024-03-30,51.00,0.02,83.43,0.02,71.91,77.29,
2024-03-31,53.00,0.17,80.73,0.17,72.63,75.84,
2024-04-01,51.00,0.04,81.18,0.04,71.55,76.21,
2024-04-02,3.00,0.00,84.33,0.00,72.09,77.51,
2024-04-03,55.00,0.11,84.42,0.11,71.46,77.85,
2024-04-04,51.00,0.02,88.02,0.02,71.10,79.11,
2024-04-05,51.00,0.02,85.86,0.02,72.36,79.57,
2024-04-06,51.00,0.01,88.47,0.01,71.28,80.45,
2024-04-07,51.00,0.06,86.49,0.06,74.43,79.88,
2024-04-08,61.00,0.20,84.51,0.20,74.07,78.36,
2024-04-09,53.00,0.11,81.54,0.11,74.43,77.52,
2024-04-10,3.00,0.00,82.80,0.00,74.97,78.83,
2024-04-11,55.00,0.11,85.14,0.11,73.98,79.01,
2024-04-12,53.00,0.08,85.23,0.08,75.87,79.80,
2024-04-13,51.00,0.00,85.86,0.00,76.32,79.99,
2024-04-14,53.00,0.09,83.52,0.09,73.80,78.29,
2024-04-15,63.00,0.34,85.41,0.34,75.15,78.29,
2024-04-16,65.00,0.94,82.98,0.94,72.09,76.72,
2024-04-17,63.00,0.14,81.81,0.14,73.53,76.55,
2024-04-18,53.00,0.06,82.98,0.06,73.26,77.35,
2024-04-19,53.00,0.06,83.16,0.06,72.72,77.74,
2024-04-20,51.00,0.02,83.07,0.02,73.17,78.14,
2024-04-21,53.00,0.07,83.52,0.07,73.98,78.45,
2024-04-22,61.00,0.19,83.52,0.19,74.43,77.81,
2024-04-23,63.00,0.38,84.96,0.38,72.90,77.68,
2024-04-24,65.00,0.58,85.68,0.58,73.35,78.18,
2024-04-25,63.00,0.30,86.85,0.30,73.89,79.05,
2024-04-26,55.00,0.11,85.95,0.11,75.78,79.68,
2024-04-27,61.00,0.13,84.33,0.13,75.51,78.76,
2024-04-28,51.00,0.05,82.98,0.05,75.60,78.60,
2024-04-29,51.00,0.05,82.35,0.05,74.34,77.92,
2024-04-30,51.00,0.04,82.98,0.04,74.79,78.01,
2024-05-01,53.00,0.15,84.15,0.15,75.60,78.37,
2024-05-02,63.00,0.25,84.78,0.25,74.97,78.01,
2024-05-03,63.00,0.39,86.22,0.39,73.98,78.75,
2024-05-04,63.00,0.71,83.79,0.71,74.16,77.92,
2024-05-05,61.00,0.13,86.40,0.13,74.07,78.93,
2024-05-06,63.00,0.48,84.96,0.48,75.42,78.78,
2024-05-07,53.00,0.09,82.44,0.09,75.33,78.26,
2024-05-08,63.00,0.18,84.24,0.18,73.62,78.15,
2024-05-09,61.00,0.11,85.05,0.11,74.07,78.60,
2024-05-10,55.00,0.08,86.31,0.08,74.25,79.40,
2024-05-11,65.00,0.36,87.48,0.36,74.43,79.74,
2024-05-12,61.00,0.14,86.13,0.14,73.71,79.34,
2024-05-13,51.00,0.06,87.39,0.06,72.63,80.34,
2024-05-14,51.00,0.02,87.30,0.02,75.69,81.22,
2024-05-15,53.00,0.04,86.58,0.04,76.59,80.93,
2024-05-16,55.00,0.16,87.48,0.16,74.88,80.02,
2024-05-17,53.00,0.09,87.84,0.09,73.89,80.55,
2024-05-18,53.00,0.07,88.38,0.07,74.52,80.86,
2024-05-19,53.00,0.06,88.65,0.06,76.59,81.96,
2024-05-20,61.00,0.20,88.02,0.20,76.41,81.28,
2024-05-21,63.00,0.38,89.19,0.38,74.88,81.09,
2024-05-22,61.00,0.24,84.15,0.24,76.77,79.75,
2024-05-23,61.00,0.15,89.91,0.15,75.15,81.35,
2024-05-24,53.00,0.06,85.50,0.06,75.96,80.76,
2024-05-25,63.00,0.34,86.67,0.34,75.24,80.51,
2024-05-26,55.00,0.13,87.75,0.13,76.41,81.75,
2024-05-27,65.00,1.19,87.75,1.19,77.85,80.65,
2024-05-28,65.00,1.28,87.57,1.28,75.87,80.61,
2024-05-29,63.00,0.24,86.49,0.24,76.14,80.17,
2024-05-30,53.00,0.10,86.13,0.10,75.78,80.56,
2024-05-31,63.00,0.20,88.38,0.20,76.95,80.93,
2024-06-01,51.00,0.04,86.58,0.04,74.97,81.52,
2024-06-02,63.00,0.26,85.59,0.26,77.58,81.03,
2024-06-03,63.00,0.35,86.31,0.35,76.95,80.55,
2024-06-04,65.00,0.54,89.91,0.54,76.77,81.56,
2024-06-05,65.00,1.15,85.59,1.15,76.23,79.90,
2024-06-06,63.00,0.19,86.58,0.19,74.70,80.08,
2024-06-07,55.00,0.07,87.21,0.07,74.25,81.26,
2024-06-08,53.00,0.07,89.64,0.07,75.24,81.87,
2024-06-09,53.00,0.06,88.65,0.06,75.51,81.94,
2024-06-10,61.00,0.09,89.28,0.09,76.05,82.13,
2024-06-11,55.00,0.09,90.36,0.09,77.94,82.90,
2024-06-12,51.00,0.03,88.29,0.03,78.57,82.81,
2024-06-13,63.00,0.28,86.31,0.28,77.94,81.71,
2024-06-14,55.00,0.13,86.49,0.13,77.04,80.89,
2024-06-15,63.00,0.19,86.94,0.19,75.87,80.36,
2024-06-16,53.00,0.09,87.39,0.09,75.87,81.08,
2024-06-17,63.00,0.43,86.85,0.43,75.69,79.93,
2024-06-18,63.00,0.47,83.25,0.47,74.79,78.54,
2024-06-19,63.00,0.26,87.21,0.26,74.43,79.36,
2024-06-20,63.00,0.42,87.75,0.42,77.40,80.89,
2024-06-21,51.00,0.04,86.13,0.04,78.21,81.64,
2024-06-22,65.00,0.43,85.32,0.43,77.85,80.22,
2024-06-23,53.00,0.09,86.58,0.09,76.41,81.34,
2024-06-24,65.00,0.76,86.13,0.76,75.60,80.76,
2024-06-25,51.00,0.02,88.20,0.02,76.68,82.88,
2024-06-26,53.00,0.11,90.18,0.11,79.47,83.62,
2024-06-27,63.00,0.26,87.84,0.26,77.40,81.73,
2024-06-28,61.00,0.10,86.67,0.10,77.49,81.90,
2024-06-29,51.00,0.04,86.49,0.04,78.12,82.00,
2024-06-30,53.00,0.05,87.93,0.05,78.75,83.13,
2024-07-01,51.00,0.01,88.29,0.01,77.67,82.78,
2024-07-02,51.00,0.02,89.55,0.02,78.84,83.18,
2024-07-03,51.00,0.00,88.83,0.00,80.46,84.25,
2024-07-04,63.00,0.16,87.84,0.16,78.21,82.15,
2024-07-05,61.00,0.06,90.18,0.06,76.95,81.29,
2024-07-06,55.00,0.08,88.56,0.08,76.59,82.10,
2024-07-07,61.00,0.11,88.02,0.11,77.40,82.26,
2024-07-08,53.00,0.08,88.02,0.08,78.30,81.83,
2024-07-09,51.00,0.03,86.94,0.03,77.67,81.61,
2024-07-10,53.00,0.09,85.95,0.09,76.05,80.76,
2024-07-11,53.00,0.07,88.20,0.07,77.67,81.96,
2024-07-12,51.00,0.02,89.10,0.02,77.76,82.67,
2024-07-13,63.00,0.31,87.75,0.31,77.58,82.00,
2024-07-14,63.00,0.23,87.57,0.23,76.86,82.15,
2024-07-15,51.00,0.01,87.93,0.01,76.41,82.02,
2024-07-16,61.00,0.12,87.66,0.12,74.25,81.13,
2024-07-17,51.00,0.07,89.82,0.07,77.13,82.68,
2024-07-18,51.00,0.01,90.90,0.01,78.12,83.53,
2024-07-19,63.00,0.23,86.58,0.23,78.66,81.63,
2024-07-20,51.00,0.01,90.27,0.01,77.31,82.95,
2024-07-21,51.00,0.02,87.93,0.02,79.47,83.16,
2024-07-22,53.00,0.09,84.06,0.09,78.48,80.83,
2024-07-23,53.00,0.08,89.28,0.08,78.30,82.62,
2024-07-24,55.00,0.08,89.28,0.08,78.48,82.78,
2024-07-25,51.00,0.02,90.09,0.02,77.94,83.62,
2024-07-26,53.00,0.06,92.43,0.06,80.19,84.91,
2024-07-27,53.00,0.04,88.47,0.04,78.66,83.31,
2024-07-28,53.00,0.06,88.11,0.06,77.67,81.27,
2024-07-29,55.00,0.14,88.92,0.14,77.67,81.48,
2024-07-30,53.00,0.08,89.01,0.08,77.67,82.48,
2024-07-31,63.00,0.42,86.04,0.42,77.76,81.18,
2024-08-01,65.00,0.70,86.94,0.70,76.23,80.28,
2024-08-02,65.00,0.52,86.94,0.52,75.60,79.78,
2024-08-03,61.00,0.16,89.10,0.16,78.12,81.91,
2024-08-04,55.00,0.12,86.49,0.12,78.39,82.65,
2024-08-05,51.00,0.02,88.74,0.02,79.47,83.63,
2024-08-06,61.00,0.12,88.29,0.12,79.83,83.32,
2024-08-07,61.00,0.12,88.83,0.12,77.85,81.82,
2024-08-08,53.00,0.06,87.84,0.06,76.95,82.09,
2024-08-09,55.00,0.06,88.02,0.06,79.11,82.90,
2024-08-10,55.00,0.10,87.03,0.10,78.93,82.26,
2024-08-11,61.00,0.17,88.65,0.17,77.49,81.06,
2024-08-12,53.00,0.09,88.20,0.09,77.67,82.43,
2024-08-13,55.00,0.26,86.76,0.26,78.39,81.65,
2024-08-14,63.00,0.98,81.54,0.98,76.59,78.64,
2024-08-15,3.00,0.00,90.81,0.00,78.39,84.32,
2024-08-16,51.00,0.01,88.38,0.01,74.43,81.78,
2024-08-17,61.00,0.08,89.01,0.08,75.06,81.32,
2024-08-18,63.00,0.17,87.93,0.17,74.88,81.50,
2024-08-19,53.00,0.05,88.65,0.05,77.85,83.00,
2024-08-20,53.00,0.05,87.93,0.05,79.20,82.90,
2024-08-21,61.00,0.13,86.22,0.13,77.40,81.21,
2024-08-22,53.00,0.11,89.91,0.11,78.84,82.98,
2024-08-23,2.00,0.00,89.01,0.00,79.56,83.53,
2024-08-24,53.00,0.06,87.39,0.06,79.47,82.72,
2024-08-25,53.00,0.07,87.93,0.07,76.68,81.52,
2024-08-26,61.00,0.09,88.38,0.09,76.59,81.95,
2024-08-27,61.00,0.20,88.20,0.20,77.49,82.15,
2024-08-28,53.00,0.06,88.20,0.06,77.58,82.71,
2024-08-29,55.00,0.09,89.82,0.09,77.58,83.09,
2024-08-30,53.00,0.08,86.58,0.08,79.92,82.63,
2024-08-31,55.00,0.08,88.65,0.08,77.85,81.99,
2024-09-01,53.00,0.06,88.83,0.06,78.12,82.41,
2024-09-02,61.00,0.20,86.13,0.20,78.39,81.59,
2024-09-03,61.00,0.14,91.35,0.14,79.56,83.48,
2024-09-04,61.00,0.15,88.83,0.15,78.84,83.47,
2024-09-05,63.00,0.13,86.94,0.13,76.86,81.49,
2024-09-06,53.00,0.05,87.48,0.05,76.59,81.83,
2024-09-07,63.00,0.51,87.57,0.51,75.60,80.61,
2024-09-08,63.00,0.39,88.11,0.39,76.68,80.47,
2024-09-09,63.00,0.35,87.39,0.35,77.76,81.06,
2024-09-10,61.00,0.19,86.76,0.19,75.78,80.38,
2024-09-11,53.00,0.04,88.38,0.04,74.88,81.07,
2024-09-12,65.00,0.39,88.47,0.39,75.69,80.58,
2024-09-13,63.00,0.24,89.28,0.24,75.51,80.81,
2024-09-14,61.00,0.15,85.86,0.15,78.30,81.37,
2024-09-15,61.00,0.13,86.94,0.13,77.94,81.61,
2024-09-16,55.00,0.09,91.98,0.09,77.40,83.08,
2024-09-17,61.00,0.16,90.00,0.16,77.76,82.59,
2024-09-18,61.00,0.09,87.84,0.09,78.30,82.21,
2024-09-19,63.00,0.35,89.01,0.35,78.21,82.52,
2024-09-20,63.00,0.31,88.56,0.31,76.68,81.30,
2024-09-21,53.00,0.10,88.38,0.10,75.60,81.47,
2024-09-22,61.00,0.14,89.82,0.14,76.86,81.55,
2024-09-23,61.00,0.14,90.00,0.14,75.87,81.90,
2024-09-24,63.00,0.26,87.03,0.26,76.14,81.27,
2024-09-25,63.00,0.23,90.09,0.23,77.76,82.15,
2024-09-26,51.00,0.01,89.46,0.01,77.40,83.22,
2024-09-27,61.00,0.30,87.30,0.30,77.22,81.22,
2024-09-28,55.00,0.10,89.01,0.10,78.12,82.12,
2024-09-29,61.00,0.10,88.11,0.10,77.76,82.02,
2024-09-30,61.00,0.09,87.75,0.09,77.40,81.91,
2024-10-01,53.00,0.07,86.94,0.07,77.58,81.79,
2024-10-02,51.00,0.01,88.02,0.01,76.68,82.20,
2024-10-03,53.00,0.09,87.57,0.09,77.94,82.22,
2024-10-04,51.00,0.01,87.12,0.01,78.12,82.02,
2024-10-05,55.00,0.08,87.93,0.08,77.85,81.49,
2024-10-06,61.00,0.15,88.02,0.15,75.87,80.83,
2024-10-07,63.00,0.14,88.38,0.14,75.24,80.66,
2024-10-08,63.00,0.15,89.01,0.15,75.87,80.89,
2024-10-09,61.00,0.14,89.64,0.14,75.87,81.89,
2024-10-10,55.00,0.10,92.25,0.10,77.40,82.94,
2024-10-11,53.00,0.06,90.00,0.06,74.52,81.84,
2024-10-12,53.00,0.07,89.46,0.07,74.25,81.80,
2024-10-13,63.00,0.28,89.73,0.28,76.50,81.30,
2024-10-14,53.00,0.04,89.64,0.04,76.59,82.23,
2024-10-15,51.00,0.02,88.74,0.02,75.87,81.93,
2024-10-16,63.00,0.15,89.19,0.15,76.41,81.32,
2024-10-17,63.00,0.22,88.47,0.22,78.93,81.85,
2024-10-18,51.00,0.01,85.77,0.01,77.85,81.75,
2024-10-19,53.00,0.07,89.01,0.07,76.32,81.78,
2024-10-20,51.00,0.02,89.82,0.02,77.40,82.76,
2024-10-21,61.00,0.15,90.63,0.15,74.16,80.91,
2024-10-22,61.00,0.15,88.83,0.15,77.13,81.69,
2024-10-23,61.00,0.07,89.01,0.07,74.07,80.92,
2024-10-24,63.00,0.28,88.83,0.28,75.60,81.16,
2024-10-25,55.00,0.13,88.02,0.13,78.30,81.24,
2024-10-26,61.00,0.15,88.47,0.15,77.31,81.32,
2024-10-27,63.00,0.19,87.57,0.19,77.04,80.53,
2024-10-28,51.00,0.03,87.75,0.03,76.77,80.78,
2024-10-29,63.00,0.38,84.51,0.38,76.41,79.65,
2024-10-30,55.00,0.17,84.87,0.17,74.34,79.28,
2024-10-31,63.00,0.57,78.48,0.57,73.71,75.63,
2024-11-01,63.00,0.27,82.35,0.27,72.00,75.85,
2024-11-02,63.00,0.21,84.96,0.21,72.09,77.46,
2024-11-03,61.00,0.10,87.66,0.10,73.44,79.36,
2024-11-04,63.00,0.13,87.12,0.13,74.52,79.81,
2024-11-05,51.00,0.00,84.78,0.00,76.68,80.04,
2024-11-06,63.00,0.17,84.60,0.17,75.78,78.58,
2024-11-07,65.00,0.66,82.89,0.66,74.79,77.41,
2024-11-08,63.00,0.13,87.03,0.13,71.91,78.91,
2024-11-09,65.00,0.58,85.86,0.58,74.97,79.26,
2024-11-10,63.00,0.57,80.01,0.57,75.06,77.28,
2024-11-11,55.00,0.15,80.64,0.15,74.79,77.48,
2024-11-12,61.00,0.13,86.67,0.13,73.62,79.02,
2024-11-13,61.00,0.12,87.39,0.12,74.34,79.79,
2024-11-14,61.00,0.14,83.07,0.14,74.70,78.45,
2024-11-15,51.00,0.04,82.71,0.04,74.52,77.94,
2024-11-16,53.00,0.10,84.78,0.10,75.15,78.70,
2024-11-17,53.00,0.10,83.25,0.10,76.14,78.54,
2024-11-18,51.00,0.01,82.17,0.01,75.51,78.45,
2024-11-19,3.00,0.00,82.53,0.00,73.26,78.36,
2024-11-20,51.00,0.01,83.88,0.01,74.25,78.09,
2024-11-21,51.00,0.13,83.70,0.13,74.07,77.91,
2024-11-22,65.00,0.64,85.23,0.64,71.73,77.61,
2024-11-23,61.00,0.11,84.51,0.11,74.34,77.84,
2024-11-24,55.00,0.08,83.79,0.08,75.15,78.55,
2024-11-25,3.00,0.00,85.77,0.00,76.77,80.80,
2024-11-26,53.00,0.05,86.85,0.05,77.49,81.01,
2024-11-27,65.00,0.92,86.13,0.92,75.69,79.16,
2024-11-28,53.00,0.06,86.76,0.06,75.24,79.51,
2024-11-29,61.00,0.15,85.50,0.15,74.43,79.15,
2024-11-30,63.00,0.33,87.39,0.33,74.88,78.85,
2024-12-01,53.00,0.02,88.74,0.02,74.34,79.66,
2024-12-02,51.00,0.03,86.13,0.03,75.24,79.96,
2024-12-03,63.00,0.28,85.86,0.28,75.69,78.93,
2024-12-04,63.00,0.38,84.96,0.38,74.61,77.86,
2024-12-05,51.00,0.03,85.86,0.03,74.61,79.30,
2024-12-06,3.00,0.00,85.23,0.00,74.97,79.18,
2024-12-07,1.00,0.00,84.60,0.00,74.79,79.20,
2024-12-08,53.00,0.06,84.69,0.06,74.43,78.69,
2024-12-09,51.00,0.01,85.68,0.01,74.25,79.35,
2024-12-10,51.00,0.02,82.80,0.02,74.70,78.04,
2024-12-11,51.00,0.01,84.15,0.01,74.61,78.29,
2024-12-12,53.00,0.08,82.44,0.08,74.16,78.27,
2024-12-13,61.00,0.24,83.25,0.24,72.18,76.98,
2024-12-14,55.00,0.13,85.59,0.13,71.01,76.30,
2024-12-15,63.00,0.28,84.33,0.28,71.10,76.41,
2024-12-16,63.00,0.17,85.32,0.17,72.72,77.52,
2024-12-17,61.00,0.12,84.78,0.12,72.63,77.33,
2024-12-18,63.00,0.19,83.16,0.19,74.34,77.95,
2024-12-19,61.00,0.11,83.34,0.11,75.24,78.24,
2024-12-20,61.00,0.12,86.13,0.12,74.34,78.82,
2024-12-21,63.00,0.42,83.61,0.42,73.62,76.95,
2024-12-22,63.00,0.42,83.52,0.42,74.34,76.81,
2024-12-23,63.00,0.18,81.81,0.18,74.34,77.32,
2024-12-24,51.00,0.04,83.61,0.04,74.88,78.44,
2024-12-25,53.00,0.05,83.97,0.05,73.98,77.99,
2024-12-26,53.00,0.09,86.22,0.09,73.98,78.18,
2024-12-27,51.00,0.03,83.52,0.03,72.36,76.88,
2024-12-28,53.00,0.13,81.36,0.13,72.90,76.18,
2024-12-29,2.00,0.00,80.10,0.00,72.63,76.13,
2024-12-30,51.00,0.02,80.64,0.02,69.66,75.07,
2024-12-31,51.00,0.03,80.64,0.03,70.02,75.45,
2025-01-01,51.00,0.03,80.19,0.03,71.10,75.40,
2025-01-02,3.00,0.00,82.44,0.00,72.00,76.60,
2025-01-03,51.00,0.00,82.98,0.00,73.26,77.19,
2025-01-04,53.00,0.08,80.55,0.08,72.27,75.89,
2025-01-05,61.00,0.61,78.57,0.61,73.17,75.34,
2025-01-06,53.00,0.11,80.64,0.11,73.35,76.38,
2025-01-07,53.00,0.04,84.24,0.04,73.08,77.29,
2025-01-08,51.00,0.04,82.98,0.04,71.91,77.35,
2025-01-09,51.00,0.06,80.37,0.06,70.74,76.49,
2025-01-10,51.00,0.03,80.82,0.03,74.16,76.95,
2025-01-11,2.00,0.00,82.62,0.00,71.55,75.95,
2025-01-12,51.00,0.00,83.34,0.00,68.67,75.48,
2025-01-13,2.00,0.00,81.72,0.00,72.36,76.70,
2025-01-14,51.00,0.04,80.64,0.04,73.71,76.62,
2025-01-15,2.00,0.00,81.90,0.00,74.97,77.86,
2025-01-16,2.00,0.00,81.81,0.00,75.78,78.37,
2025-01-17,1.00,0.00,84.60,0.00,72.63,77.64,
2025-01-18,51.00,0.04,83.52,0.04,74.34,77.47,
2025-01-19,1.00,0.00,84.69,0.00,74.70,78.87,
2025-01-20,51.00,0.01,83.61,0.01,73.71,77.97,
2025-01-21,51.00,0.02,84.06,0.02,75.24,78.73,
2025-01-22,53.00,0.07,84.60,0.07,73.80,78.46,
2025-01-23,3.00,0.00,86.31,0.00,74.25,79.31,
2025-01-24,2.00,0.00,85.41,0.00,75.15,79.04,
2025-01-25,51.00,0.01,86.13,0.01,71.01,78.47,
2025-01-26,51.00,0.03,86.22,0.03,74.88,78.90,
2025-01-27,53.00,0.09,86.22,0.09,74.43,78.10,
2025-01-28,53.00,0.08,85.77,0.08,71.55,77.77,
2025-01-29,61.00,0.17,85.05,0.17,72.09,77.14,
2025-01-30,51.00,0.00,83.79,0.00,73.71,78.27,
2025-01-31,51.00,0.02,82.35,0.02,74.88,78.34,
2025-02-01,1.00,0.00,84.69,0.00,74.34,78.60,
2025-02-02,55.00,0.07,81.72,0.07,73.62,77.51,
2025-02-03,51.00,0.07,82.08,0.07,72.99,76.96,
2025-02-04,51.00,0.05,83.16,0.05,72.72,77.29,
2025-02-05,51.00,0.01,81.63,0.01,73.08,77.22,
2025-02-06,1.00,0.00,84.69,0.00,73.08,78.18,
2025-02-07,53.00,0.06,84.24,0.06,72.36,77.32,
2025-02-08,51.00,0.05,82.80,0.05,72.90,76.92,
2025-02-09,51.00,0.02,83.43,0.02,73.17,77.42,
2025-02-10,51.00,0.00,83.16,0.00,72.99,77.50,
2025-02-11,53.00,0.05,83.79,0.05,72.63,77.52,
2025-02-12,51.00,0.01,84.15,0.01,73.08,78.03,
2025-02-13,51.00,0.03,83.88,0.03,74.52,77.92,
2025-02-14,51.00,0.02,83.70,0.02,72.90,77.08,
2025-02-15,51.00,0.05,82.08,0.05,71.46,76.39,
2025-02-16,51.00,0.01,86.31,0.01,72.45,78.10,
2025-02-17,53.00,0.07,88.38,0.07,69.48,77.23,
2025-02-18,51.00,0.04,82.89,0.04,70.83,76.88,
2025-02-19,51.00,0.04,88.74,0.04,72.99,78.83,
2025-02-20,61.00,0.22,84.78,0.22,70.74,76.03,
2025-02-21,63.00,0.20,84.33,0.20,71.01,76.65,
2025-02-22,51.00,0.02,80.73,0.02,71.37,75.40,
2025-02-23,61.00,0.08,84.87,0.08,71.55,77.11,
2025-02-24,51.00,0.02,85.32,0.02,71.01,76.78,
2025-02-25,61.00,0.32,82.35,0.32,72.27,76.47,
2025-02-26,61.00,0.13,86.76,0.13,71.64,77.56,
2025-02-27,63.00,0.16,84.15,0.16,70.92,77.05,
2025-02-28,61.00,0.17,83.79,0.17,71.01,75.93,
2025-03-01,61.00,0.15,84.33,0.15,71.01,76.28,
2025-03-02,53.00,0.09,86.04,0.09,69.30,76.30,
2025-03-03,55.00,0.09,83.07,0.09,69.39,76.28,
2025-03-04,61.00,0.26,83.34,0.26,72.99,76.17,
2025-03-05,55.00,0.13,83.79,0.13,72.27,76.27,
2025-03-06,55.00,0.10,84.24,0.10,71.19,76.55,
2025-03-07,51.00,0.09,83.61,0.09,71.10,76.98,
2025-03-08,55.00,0.15,83.97,0.15,72.90,77.55,
2025-03-09,55.00,0.12,83.34,0.12,72.18,76.86,
2025-03-10,61.00,0.19,83.88,0.19,72.00,77.31,
2025-03-11,3.00,0.00,85.50,0.00,70.47,77.82,
2025-03-12,51.00,0.02,87.84,0.02,69.66,78.13,
2025-03-13,53.00,0.07,83.07,0.07,72.63,76.17,
2025-03-14,51.00,0.04,82.17,0.04,71.91,75.69,
2025-03-15,51.00,0.01,81.99,0.01,69.30,76.00,
2025-03-16,1.00,0.00,82.89,0.00,71.73,77.07,
2025-03-17,51.00,0.06,81.81,0.06,71.55,76.71,
2025-03-18,53.00,0.03,84.15,0.03,70.11,76.97,
2025-03-19,51.00,0.02,80.37,0.02,72.63,76.56,
2025-03-20,0.00,0.00,81.27,0.00,67.32,74.81,
2025-03-21,55.00,0.11,84.06,0.11,72.27,77.71,
2025-03-22,63.00,0.49,84.96,0.49,73.35,76.87,
2025-03-23,55.00,0.10,85.86,0.10,73.08,77.91,
2025-03-24,51.00,0.01,85.68,0.01,73.26,78.30,
2025-03-25,51.00,0.05,85.14,0.05,73.89,78.31,
2025-03-26,63.00,0.24,85.32,0.24,73.17,77.34,
2025-03-27,51.00,0.00,85.77,0.00,70.47,77.44,
2025-03-28,55.00,0.07,85.77,0.07,72.27,77.85,
2025-03-29,63.00,0.15,85.41,0.15,73.98,78.15,
2025-03-30,61.00,0.13,83.79,0.13,73.62,77.84,
2025-03-31,61.00,0.17,83.34,0.17,73.71,77.28,
2025-04-01,61.00,0.13,85.86,0.13,73.62,78.18,
2025-04-02,51.00,0.01,85.14,0.01,73.53,78.34,
2025-04-03,51.00,0.00,82.89,0.00,73.44,77.99,
2025-04-04,51.00,0.04,84.33,0.04,73.26,77.47,
2025-04-05,51.00,0.02,82.98,0.02,72.09,76.79,
2025-04-06,53.00,0.09,82.89,0.09,72.72,77.26,
2025-04-07,53.00,0.07,84.51,0.07,71.73,76.90,
2025-04-08,61.00,0.13,83.43,0.13,71.19,76.03,
2025-04-09,55.00,0.09,84.78,0.09,72.45,78.01,
2025-04-10,63.00,0.32,86.40,0.32,72.90,78.06,
2025-04-11,63.00,0.51,85.41,0.51,73.62,78.06,
2025-04-12,65.00,0.82,85.23,0.82,73.17,77.14,
2025-04-13,63.00,0.24,83.25,0.24,73.26,77.38,
2025-04-14,61.00,0.26,83.52,0.26,74.61,78.10,
2025-04-15,63.00,0.57,84.78,0.57,75.51,78.39,
2025-04-16,55.00,0.13,86.13,0.13,72.09,78.07,
2025-04-17,53.00,0.09,83.97,0.09,69.84,77.94,
2025-04-18,61.00,0.15,82.71,0.15,73.98,78.00,
